{"cameraMode":{"drawMode":0,"name":"Shaded","section":"Shading Mode"},"sceneLighting":false,"audioPlay":false,"sceneViewState":{"showFog":false,"showMaterialUpdate":false,"showSkybox":false,"showFlares":false,"showImageEffects":false,"showParticleSystems":false},"in2DMode":false,"pivot":{"x":-0.20230621099472047,"y":-0.13748574256896974,"z":-0.04243350028991699},"rotation":{"x":-0.18080751597881318,"y":0.005012817215174437,"z":-0.0009217202896252275,"w":-0.9835055470466614},"size":3.70125412940979,"orthographic":false}